grammar,tst_av,tst_sd
grammar53exp2,7089.2339999999995,1984.367328400667
