grammar,dev_av,dev_sd,tst_av,tst_sd
grammar42exp2,30.2,0.5629031888344569,29.85,0.6477036359323604
