grammar,dev_av,dev_sd,tst_av,tst_sd
grammar41exp2_permutation,102.595,2.259806407637611,103.101,2.3047101770070784
