grammar,tst_av,tst_sd
grammar53exp1,8792.983000000002,2559.7566762528427
