grammar,tst_av,tst_sd
fakegrammarexp2,87.15700000000001,4.311180928701554
