grammar,dev_av,dev_sd,tst_av,tst_sd
grammar41exp1_permutation,81.559,2.028400601459188,82.304,1.6020998720429376
