grammar,dev_av,dev_sd,tst_av,tst_sd
grammar53exp1,93.392,2.193872375504098,93.57499999999999,1.778517641183242
