grammar,tst_av,tst_sd
grammar53exp1_permutation,4430.119000000001,784.1853047265041
