grammar,tst_av,tst_sd
grammar53exp2_permutation,2457.2249999999995,433.61392132287455
