grammar,dev_av,dev_sd,tst_av,tst_sd
grammar41exp1,98.978,2.336522201906074,100.192,1.8341363090021419
