grammar,tst_av,tst_sd
fakegrammarexp3,110.23499999999999,10.689700884496252
