grammar,dev_av,dev_sd,tst_av,tst_sd
fakegrammarexp3_permutation,70.06200000000001,0.5447164399942421,69.848,0.6503506746363832
