grammar,dev_av,dev_sd,tst_av,tst_sd
grammar53exp1_permutation,60.676,0.6456655480974645,61.281000000000006,0.9470422377064289
