grammar,tst_av,tst_sd
grammar42exp2_permutation,112577.3827272727,36082.93090707776
