grammar,dev_av,dev_sd,tst_av,tst_sd
fakegrammarexp1,94.26199999999999,1.4925736162749226,94.19500000000001,1.3238976546546164
