grammar,dev_av,dev_sd,tst_av,tst_sd
fakegrammarexp1_permutation,69.30600000000001,1.9209279007812878,69.243,2.095843744175601
