grammar,tst_av,tst_sd
fakegrammarexp1,426.70500000000004,142.60509088037495
