grammar,dev_av,dev_sd,tst_av,tst_sd
grammar53exp2,93.406,2.187606911673116,93.59399999999998,1.7693682488391194
