grammar,dev_av,dev_sd,tst_av,tst_sd
grammar42exp2_permutation,32.346,0.6643824199961945,32.115,0.6380164574679869
