grammar,tst_av,tst_sd
grammar42exp1_permutation,319186.54799999995,127831.3627758885
