grammar,dev_av,dev_sd,tst_av,tst_sd
grammar53exp2_permutation,94.23800000000001,2.0303684394710237,94.33000000000001,2.0585237428798306
