grammar,tst_av,tst_sd
fakegrammarexp2_permutation,32.721000000000004,3.903061490676261
