grammar,dev_av,dev_sd,tst_av,tst_sd
grammar41exp2,98.992,2.3537790890395827,100.252,1.8117218329533933
