grammar,dev_av,dev_sd,tst_av,tst_sd
grammar42exp1_permutation,16.213,0.2547174905655284,16.233,0.30640006527414454
