grammar,dev_av,dev_sd,tst_av,tst_sd
fakegrammarexp2_permutation,70.25099999999999,3.030654879724845,70.225,2.7528975643855684
