grammar,dev_av,dev_sd,tst_av,tst_sd
fakegrammarexp3,92.9,0.7768912407795595,92.964,0.89815588847371
