grammar,dev_av,dev_sd,tst_av,tst_sd
grammar42exp1,30.198,0.5640531889813233,29.859,0.6423776148030064
