grammar,tst_av,tst_sd
fakegrammarexp1,87.64399999999999,5.186494384456616
