grammar,tst_av,tst_sd
grammar53exp2,27337.222999999998,9251.559904021646
