grammar,tst_av,tst_sd
grammar42exp1,57900.74300000002,12054.044042743539
