grammar,dev_av,dev_sd,tst_av,tst_sd
fakegrammarexp2,93.62300000000002,2.1677640554266957,93.704,2.0605979714636233
