grammar,tst_av,tst_sd
grammar53exp2_permutation,3716.6940000000004,1100.6027670617586
