grammar,tst_av,tst_sd
grammar42exp2_permutation,41838.525555555556,11195.865460655168
